,0
,0
fte,1
cylkowskt,0
aaylor,1
z£,1
wearee,1
euphydryas,0
terminees,0
seligsohn,0
leela,1
reichard,0
archaeolemur,1
grgaduate,1
sliyahu,1
erate,1
evansville,0
spin-parity,0
tsa,1
occ,1
technc,1
wdfc,1
génneth,1
homoconjugation,0
oras,1
reusch,0
sona,1
neenan,0
batto,0
sundaresan,0
eevees,1
dihydrophenanthrene,1
nce,1
depa,1
wakt,1
barde,0
khidir,0
aat,1
maneuvering,0
standara,1
perecheieee,1
immersions,0
econony,1
—~k,1
€44620-67-c-0058,1
sdges,1
chalofsky,0
ecenomics,1
tsinghua,0
19g7t,1
ataport,1
garold,0
epizootic,0
requireiients,1
tment,1
luded-volume,1
byuprnrt,1
tulane,0
ignature,1
cece,1
j.yfenchak,1
belli,0
f/a,1
sulfide,0
electrical.discharge,1
l971,1
21:1,0
mellott,0
luecke,0
abidaud,0
quirements,0
shaeffer,0
echanical,1
gletsos,0
hatzios,0
azuma,0
merola,0
crull,0
eteeseseeseedceeneeeee,1
shipvuilding,1
rst,1
lefe,1
acott,0
aiello,0
rere,1
abr,1
stockhouse,0
ecto,0
doane,0
williams-green,0
landesman,0
seience,1
lhechin,1
maizza,0
vergnugen,0
antenucci,0
bipo,0
‘,1
sseccecs,1
discretisation,0
rohr,1
homopolymers,0
mercado,0
ples,1
prefessor,1
1972-73,1
ludema,0
roton-roton,0
myung,0
wieslaw,0
ped,1
aulhol,1
ete,1
gas-liquid,0
santon,0
undepstatipe,1
partiai,1
gruhn,0
aaee,1
eeoeeeeoceses,1
nonitored,1
mechanieat,1
¢,1
wagman,0
nikolas,0
ikuma,0
wma,1
earv,1
karlsruhe/rhein,0
plsn,1
yir/ev,1
hexatriacontane,0
"2,2'-bipyrimidine",0
eveeeceneedevenetessacnae,1
landel,0
eens,1
permission.structural,1
agronomy,0
wendel,0
ning,1
ececesavece,1
swudy,1
postemergence,0
ceagepe,1
fittsbureh,1
chuong,0
friese,0
ozonolysis,0
9-10-phenanthro,1
ges,1
aetrei,1
—,1
parcial,1
matricee,1
nica,1
b.se,1
escola,0
schgol,1
—santalol,1
kil,0
lequesne,0
eversole,0
shuraydi,0
pépartmental,1
ceve,1
manipulatives,0
jobfson,1
bepfeley,1
corrittee,1
neelam,1
eeesesenee,1
ajor,1
sahih,1
patamaka,0
astronautics,0
tohoku,1
peseasteeseneteeoee,1
frithjof,0
carboranes,0
reyuirenents,1
crildren,1
gbemiga,0
rvene,1
hlm,1
b-styrylferrocene,0
of..-electrical..engineering,1
scfivani,1
“,1
lun,1
davena,1
brauner,0
m.i.t,0
hoge,0
schistosomicides,0
empiricai,1
unversity,1
baten,1
rara,0
ler,1
millian,1
carder,0
m.e,0
jowes,0
organogermanium,0
————————_—_——,1
bartel,0
hagood,0
iversity,1
koniuk,0
mixzures,1
ommittee,1
kemmer1img,1
biophysics,0
marilya,1
reserpine,0
non-awardees,0
pti,1
cce,1
verzino,0
riad,0
moog,1
alinia,1
oanseeseerneve,1
vroman,0
j.pé/wightman,1
gme,1
suppittter,1
fiber,0
tavbars,1
e-caprolactam,0
helium-carbon,0
vtol,0
alesdair,0
ereer=,1
letin,1
1:15,0
hasselman,0
by..é,1
two-~phase,0
requtrements,1
kurshan,0
submetted,1
shippensburg,0
tere,1
arnoid,0
hilbish,0
p-n,0
of__chemistry,1
brockes,0
slenature,1
price-level,0
chairenin,1
eeeeeeeneeeeneeneceenenes,1
spfudents,1
mech,0
heglonat,1
welfer,0
barbacch,1
semiclassical,0
4°s,1
n°,1
polyimide,0
bebert,1
cence,1
—m,1
sarkisian,0
semanic-lauth,0
crn,1
fossel,0
veneceeneenenene,1
hydride,0
literature-focused,0
patamapongse,0
architectu€,1
fspects,1
ethylenediamine,0
ttemmgrn,1
triazolines,0
a.be,1
schottky,0
nordblom,0
karmis,0
muench,0
degrec,1
4nd,0
azen,0
tamano,0
owyeaee,1
mcdaniels,0
m=,1
steere,1
revelli,1
counsell,0
seadtle,1
marvich,0
alexandros,0
ciry,1
clty,1
departmehtal,1
canputer-inmplemented,1
heev,1
eoneeoeve,1
petersson,0
soiehome,1
n.m.r,0
wovefeacsssecces,1
degres,1
hawait,1
amick,0
etee,1
merril,0
bhaven,0
eigel,0
g.j,0
fulfilinent,1
glauber,0
perchloric,0
cescscce,1
untverstt,1
fartial,1
é,1
1g,1
dertecese,1
permission.representations,1
enginégring,1
in|,0
yih,0
earliness,0
cigoli,0
nucleophilic,0
iodination,0
yangchun,0
1901-1914,0
nen,1
electrochemiluminescence,0
titi,1
b.s.a.d,0
congonmity,1
of.philosophy,1
jeffcoat,0
savas,0
eeseeeunteanae,1
jerr,1
gangnes,0
beadt,1
ortiz-garcia,0
kocamustafaogullari,0
aan,1
aad,1
riess,0
tems,1
sansh,1
eeoe,1
ncn,1
kriton,0
ferromagnetism,0
kuppuseamy,0
bredenkamp,0
permission.nonlinear,1
rasin,0
bertolet,0
jean-benoit,0
rieffel,0
ceececcccececuceeenensteneueesneenees,1
dontan.of..philasophy,1
smm,1
aud,0
shaykuisu,0
tecenology,1
athe,1
brurclreh,1
dissert,1
eeeerreosneeseeeoeneeoene,1
ohemical,1
uty,0
reet,1
cclorado,1
derree,1
sre,1
eenenaeeneve,1
holschneider,0
repletion,0
casali,0
paukulis,0
alayne,0
mmed,1
sates,1
hamilten,1
neeranas,1
afi,1
ogpeooouo,1
gerstein,0
enginecring,1
inertially-oriented,0
logy,1
computer-driven,0
indebetouw,0
secial,1
ghnson,1
gue,1
arthut,0
gunol,0
charismaitc,1
radiolodine,0
fearnsides,0
20-120,0
sata,1
getz,0
owyoung,0
f44620-70-c-9197,1
garg,0
cif,1
ested,1
ghz,0
saies,1
ened,1
newin,0
s¢ott,1
nace,1
pret,1
prpfessor,1
esee,1
aren,1
weet,1
moving-map,0
koetzle,0
xiaoling,0
rmon,1
yocum,0
tna,1
universidade,0
tso,0
pedju,0
mewn,1
linvilie,1
ue,1
b.e,0
omia,1
pittsburch,1
chairdgh,1
n.keith,0
orawings,1
opitz,0
droperoxide,1
eres,1
dianion,0
philoscpny,1
chl,1
yl,1
daa,1
shirle¥/jgnes,1
®,1
sth,1
grymes,0
cyclohexadienones,0
corte,1
qrusalniik,1
stuckless,0
abeles,0
casperson,0
engl,1
simultancously,1
eal,1
fhe,1
bloss,0
amet,1
u_-—,1
hnacogceoeoena,1
ixodid,0
weiis,1
shammas,0
tetrafluoride,0
mattson,0
thienopyridine,0
teotia,0
3s,1
auguse,1
milka,0
peparimgfe,1
instituts,1
gamo,1
enucation,1
discrete-time,0
trifunac,0
"644,5-t-31",1
eaye,1
meletfary,1
alexarider,1
oyediji,0
lk,1
decoufle,0
werk,1
——er,1
retr,1
ickeen,1
nonviolence,1
elastic-viscous,0
aed70-71dbmc28,0
institue,1
sebes,1
pearcy,0
ene,1
fastionics,0
fece,1
boletes,0
kilinc,0
esate,1
eetoe,1
ror,1
lores,0
args,1
schuetz,0
departiiént,1
eai,1
philosdophy,1
bridgeport,0
philcsophy,1
k.d,0
dactor,1
decteral,1
cenaeeene,1
niimura,0
iiciences,1
losertation,1
joserph,1
saed,0
diels-alder,0
comittee,1
efpect,1
denertment,1
sree,1
ity,1
supérieure,0
coneeeneennnnnne,1
massactusetts,1
ppcgpaim,1
eynas,1
ting-chao,0
kanefsky,0
gysel,0
corkran,0
hapke,0
vel,1
j.d,0
schr,1
m.m,0
9/4,1
azafulvenes,0
hellstern,0
leung,0
foover,1
eevresrereneereeseveneereeeresseeoensaeeeeeeennee,1
etiam,1
1774-1870,0
fass,1
recxer,1
oes,1
californiz,1
ier,1
dufey,0
asche,0
7d,1
longone,0
shaftel,0
marcie,0
destor,1
nena,1
ree,1
dest,1
stalford,0
eiss,0
wononskopmuc,0
lead~tin-cadmium,1
propertias,1
unive,1
soledad,0
1-470,1
kamke,0
scudenrs,1
197i,1
epoeceeaseneasats,1
tuyl,0
wightrfan,1
visvaldis,0
turki,0
heterodyne,0
wrene®,1
biosystematic,0
clément,0
philoscphy,0
yushi,0
wurster,0
flanning,1
frankena,0
fluorosilyl,0
tetrapheny,0
charze,1
ez,1
dacember,1
eseeneeeveece,1
yaie,1
normé/jean,1
nema,1
cceneceneeneeenenneenencnecesneneneceee,1
brustkern,0
healti,1
dashamir,0
de-de,1
fodale,0
littlefigid,1
b.arch,0
piperazines,0
ceca,1
richeced,1
ctr,1
apne,1
aeger,1
laser-plasma,0
stet,1
inary,1
o_clous,1
allardice,0
partiel,1
ese,1
8-ketoesters,1
jui,1
usters,1
boundary-integral,0
dassa,0
tf,1
volterra,0
mene,1
fulytlarent,1
modeling,0
initio,0
puter,1
nhu,0
scciai,1
disser,1
cetz4,1
reniivemants,1
tecy,1
indanone,0
doctgr,1
poiseuille,0
sarria,1
superfluid,0
teknologi,0
crain,0
prosperetti,0
baixue,0
wangafy,1
chdirman,1
epee,1
yole,0
«,1
gnuairman,1
gradthte,1
spildways,1
wf,1
eet,1
eschman,0
fcp,1
automatique,0
oma,1
blacksburg,0
refractometry,0
mckeen,0
peeroesave,1
falkler,0
cyclobutanes,0
golde,0
wyckoff,0
inatitute,1
ftett,1
eeewmesetoeeoeeeeeeeaneee,1
dip.c.d,1
jiniversity,1
macdonalé,1
tene,1
labib,0
peppesfntaticn,1
machline,0
plasma-solid,0
hinman,0
larvta,1
degre,1
ccnrcceseccces,1
nunnally,0
2s,1
admittances,0
changsoo,0
sedat,1
politécnica,0
mercury-aqueous,0
1g2,1
sambhunath,0
ph.b,1
artment,1
¢74,1
caloyannides,0
gamma-prime,0
beee,1
capensis,0
rotary-wing,0
jasen,0
design-method,0
konduk,1
theclogical,1
dary,1
pulpillment,1
nlifornie,1
dennisailper,1
brazer,0
laux,0
conmittee,0
§hairman,1
mormis,1
1937-1939,0
henaricks,1
safaitic,0
ceeeeeeeeeeeceeesceeceeeeneceee,1
eeeeser,1
eldersveld,0
sharifi,0
awh,1
stereospecific,0
tega,1
permission.financing,1
ihas,0
siske,1
cavite,0
icosahedral,0
phili,0
oenothera,0
ettte,1
micromechanical,0
tnlerpace,0
9-substituted-6-chloropurines,0
»,1
rennin,1
ppccedupes,1
phosphorodiamidates,0
0s,1
mye,1
hy,1
1948-1966,0
dedman,0
chermak,0
rimbach,0
thylene-9,1
tte,1
konno,0
yi-shuong,0
clipe,1
avthor,1
interinstitutional,0
m°,1
henneke,0
principalship,0
sjb,1
yalpani,0
fj,1
5.m,0
assas,1
”,1
multiphase,0
tsrminal,1
tanta,1
bishomocubane,0
sohn,1
shofcraft,1
class_.of,1
josephat,0
rese,1
sipervisor,1
eial,1
tankship,0
erland,0
tiel,1
rece,1
sfy,1
anghl,1
yg,1
preinterview,0
bodnar,0
cama,1
eeenevoeeeeteoeceesnoeeaseetseorevnesess,1
pions,0
yurochko,0
rensselaer,0
eteas,1
pittsburzh,1
ozer,1
besieris,0
degree.of,0
tht,1
commutants,0
kaliden,0
tne,1
cyclotron-~type,1
iayer,1
shiu,0
tyésis,1
eum,1
cte,1
huckin,0
eoreosenaseeeeeara,1
maton,1
mclaughl,1
qicp,1
losophy,1
ceeeeennnenn,1
lemuroidea,1
eiko,0
mcwhorter,0
elshabini-riad,0
analogs,0
prilosophy,1
greeno,0
wideband,0
mutasim,0
poctopr,1
cassytha,0
purpormance,1
tsung-chien,0
m.crim,0
digitaria,1
solvolysis,0
alexanfler,1
etat,1
——,1
arcnitecture,1
chromatographic/spectroscopic,0
counselor,0
fayetteville,0
faby,1
erro,1
roduc,1
gree,1
omim,1
cyclohexane,0
expertence,1
engipeering,1
methylone,0
’,1
ation,1
€,1
institutigns,1
tayi,1
tarory,1
sensvneses,1
imnstitutf,1
ececens,1
armoring,0
1966-1969,0
coarsening,0
wurtzite,0
°,1
seencereeeeeeene,1
kuhar,0
selectio,1
elastic/viscoplastic,0
tharald,0
cross-conjugated,0
seneramnemcenene,1
satyaki,0
¥,1
s.m,0
erenkov,1
universeiy,1
seeecvecaoeeceoeseocoseodoeeocco*®,1
habbo,1
harrick,0
ribbe,0
permission.visual,1
hucke,0
seneme,1
wierwille,0
sngineering,1
7ee,1
tzu-bow,0
coxroro,1
"9,10—dime",1
eeeee,1
spectrometric,0
commmittteet,1
tul,1
ssecny,1
biradical,0
ratlroad,1
lieoa,1
besten,1
s.b,0
etiologic,0
assoctate,1
putin,1
atic—,1
lenawee,1
viggo,0
hanzlik,0
bicanich,0
sukale,0
pfopee,1
fert,0
sampurno,0
conny,1
prrabade,1
eer,1
cesarsky,0
——z,1
wiohel,1
fluoroalkene,0
nterernee,1
ert,1
teow,1
edge-effect,0
mastrocola,0
ary,0
lomg,1
eizctrical,1
emer,1
fixed-income,0
plaines,1
aoi,1
harlan,0
dicsortation,1
celik,0
zedaker,0
m.s,0
domber,0
chaoying,0
burks,0
ial,1
wardhaugh,0
rastogi,0
pnt,1
pachylophus,0
wv,1
fd,1
by.-esee25,1
distributicn,1
krishnan,0
1904-1914,0
eeeaeaeeand,1
os.retem,1
f500,1
okoye,0
eeooenero,1
woong-sang,0
r.o,0
l-asparagine,0
oissertation,1
pulfillment,1
doctop,1
cyclopropane,0
pormation,1
hultquist,0
aex,1
karnell,0
arhancet,0
2/23/73,1
fuad,0
trawwlir,1
tugust,1
zelazny,0
cemmittee,1
narang,0
sweedler,0
cea,1
ews,1
apitz,0
eoepoeceeeeereoveee,1
siremicrography,1
babich,0
metal-carbcn,1
rseeess,1
qh,1
doron,0
permission.the,1
erry,1
yyw,1
poettingex,1
mycorrhizal,0
soan,1
evangelos,0
taim,0
fe-p-c,0
seeetaeeenetnneneesanes,1
methylenecyclobutane,0
a.v,1
ign,1
oon,1
sowa,1
muscara,0
irdisches,0
mamoru,0
sisraries,1
srrena,1
antipode,0
eeeaceee,1
requirments,1
darree,1
hsin-min,0
1851-1895,0
dipheny,1
9a,1
™hesis,1
een,1
kosecoff,0
facet-factorial,0
1864-1889,0
of____doctor,1
2/22/78,1
optimizations,0
tenenbaum,0
tjaden,0
non-newtonian,0
chloroethyl,1
nequirements,1
houte,0
ketones,1
grafuate,1
reerceem,1
siddique,0
aetna,1
b-ch.e,1
rimstidt,0
seaseareesees,1
coc,1
physico-chemical,0
f44620,1
herent,1
hilfy,1
—_—,1
xum,1
clemons,0
detb,1
prehistery,1
fufillment,1
proressor,1
decter,1
stenning,0
nicoletti,0
iinograd,1
tagmemic,0
corwin,0
indole,0
sanqu,0
seda,1
hochschule,0
chryssostomidis,0
tunneling,0
caputo,0
gottardi,0
mansoor,0
isomerization,0
cis-trans,0
mackoin,1
saha,0
avestan,0
phin,1
masskcyusstts,1
geyce,1
gbb,1
michaelssesnowitz,1
warylend,1
neers,1
microcycle,0
eam,1
eeoreoeonorseeoeereseeeerenese,1
minimum-fuel,0
wun,1
bergmann,0
eeesrreersee,1
blias,1
aboud,1
bertolaet,0
eeee,1
2°,1
séciology,1
non-equilibrium,0
reser,1
cerium,0
editha,0
haftka,0
shaye,1
lams,1
t-532,1
vesicular-arbuscular,0
organosilicon-nitrogen,0
supérvisdr,1
cycloaddition,0
©,0
monyok,0
gracuate,1
hilu,0
lichtman,0
serologic,0
zannis,0
clell,0
karonantics,1
—y,1
a-sns-cdaind,1
fulriiiment,1
eeeeeveursd,1
e.ft.a,1
rrazil,1
cooby,1
asr,1
ehocesascces,1
d.w,0
eelhh,1
denartmental,1
electrodeless,0
pilbeam,0
legree,0
diplom,0
gohnm,1
niemi,0
linacre,0
warshaw,0
automatization,0
obenauf,0
cyclobutoxides,0
drmrmece,1
eceneeeeeeeesuseeeeeereeeectens,1
capti,1
spructure,1
annalt,1
structure-property,0
heligeth,1
xe,1
holz,0
thesig,1
anthroptlosy,1
piptsburgh,1
chateman,1
aicha,0
emara,0
ccnformity,0
davig,1
parkville,0
riccardella,0
maack,0
"9,10-cyclobutenophenanthrene",0
infen,1
thab,1
helium-chlorotrifluoromethane,0
sd-146,1
ehescereceraces,1
kanayo,0
plotkin,0
nase,1
ooctor,1
radtke,0
acceppance,1
shirhey,1
crutchiey,1
hopf,0
dussan,0
stali,1
eceececcecceccccceccscccccccedveccecuecocceces,1
technolory,1
studentsa,1
crabgrass,0
jor,1
prag,1
februsry,1
redacted,0
u.a.r,0
desoer,0
limnetic,0
salida,0
3°,1
etpreeouvuevnaaeeseaeateho,1
aerts,1
woodmansee,0
7a,1
philesephy,1
comnittee,1
meth,1
rements,1
n.h,0
dingus,0
teececenenntenenecense,1
dicyanoacetylene,0
lhe,1
sinsheimer,0
sess,1
shuster,0
paslay,0
protinsky,0
eral,1
bilgin,0
eeevevresceeescesseoeseeenesaeeeoneaseees,1
opad,1
brunawick,0
4m,1
burkhart,0
blevins,0
mys,1
siebert,0
ixodidae,1
iy,1
universidad,0
1550-1714,0
m.b.a,0
és,1
l..kienas,1
apprqved,1
aeepr,1
behavicrs,1
eoeee,1
j.e,0
tation,1
babb,0
singham,0
tobe,1
penner,0
capozza,0
barbee,0
creve,1
distributed-parameter,0
stubbkefield,1
kamler,0
burckhalter,0
poesis,1
saifur,0
oms,1
leto,1
ieeep,1
dyyovea—,1
soda-silica,0
canfield,0
soupcoff,0
lukaszek,0
eeeteeeeeoerseeaeo,1
cecceectecceeeeeecetenntnsennneneneeenene,1
technische,0
aittsburgh,1
weaa,1
scheckler,0
mamightman,1
teeta,1
m.a,0
ckairman,1
meid,0
dats,1
oee,1
salmonid,0
ype,1
eevee,1
anette,1
eid,0
alkidas,0
wos,1
srr,1
eeoeeteaeebeeeaeasseaseoeseeeestseeseseeeeaeaeensneesd,1
cecceceeceeneeeeeeneneneee,1
cecvese,1
rosaleen,0
tandar,1
middlebury,1
wheland,0
kartsatos,0
pertial,1
cheel,0
luserna,0
georss,1
mbbmnauat,1
feratic,1
reifsnider,0
papua-new,0
vce,1
petrela,0
``,1
rane,0
beryle,0
quadricyclyl-7-carbinol,0
eproduced,1
benzenes,0
fulfillsent,1
bilong,0
eeene,1
qlasope,1
anplicetion,1
2h,1
matupal,1
vy,1
chian-yeun,0
'',1
catalano,0
habe,1
eecececenee,1
cena,1
iat,1
gregoire,0
amnanmed,1
arenburg,0
imiversity,1
meader,1
qo,1
liles,1
atten,1
open-channel,0
sm-73,1
ody,1
puggested,1
espiner,1
immunogenetics,0
ecard,1
mastin,1
barthold,0
balath,1
canbridge,1
three-dimenstonal,1
growih,1
in-partial,1
kellman,0
of__doctor,1
heterophase,0
sone,1
federbush,0
organotin,0
maint,1
nanyang,0
balance-of=payments,1
cdegree,1
lethy,0
puckett,0
f*+5rt6,1
masanobu,0
7isytoe,1
jokns,0
duete,1
weer,1
veeeeee,1
b.s.m.e,0
chairmarf,1
bernary,1
skaar,0
seaosene,1
1970a,1
spirochete,0
proe,1
tenes,1
§,1
by..mario,1
eerweern,1
a.r.i.b.a,1
°phillips,1
zl,1
anst,1
beethan,1
helicity,0
dcerce,1
opi,1
underachievers,0
chih-ping,0
monash,1
foulvillmem,1
yder,1
olivet,0
"22,777",1
pute,1
1970s,0
photodynamics,0
politecnica,0
counseling,0
thests,1
connaway,0
jeong-shwu,0
docttoraal,1
kirst,0
cinmtd,1
subrnitted,1
gta,1
borgir,0
desimone,0
eseeve,1
tepper,0
andard,1
hankuk,0
lantz,0
gf,1
s74,1
akins,0
sundell,0
electronique,0
pasteurization,0
chromium-oxygen-hydrogen,0
pompett,0
tfchnology,1
veume,1
prabhat,0
srila,1
enq,1
plann,1
1slam,1
mussalli,0
duklese,1
sumitted,0
broecker,1
jagdish,0
chfand,1
tirrbn,1
uqhm,1
boucouvalas,0
l979,1
eenvrenreseeereoneneeerenseeneeeseeseeeeseteeseresae,1
ground-foraging,0
chryssostomos,0
70-c-0107,1
oyelaran,0
wae,1
fopmation,1
reidy,0
betaine,1
rheology,0
mhirley,1
committee_on,1
jofifs,1
jarnai,1
reconnatssance,1
prilosephy,1
pequepemfnts,1
aai,1
beaman,0
schoenberger,0
subgenus,0
kornblum,0
carneqie-mellon,1
bagge,1
anchitsctuns,1
inae,1
prysecs,1
scme,1
qf,1
mobvre,1
bilinear,0
kuczkowski,0
eeeecees,1
erent,1
you-feng,0
dector,0
flintoft,0
hershler,0
oeceeeese,1
catherines,0
vtaracsiaacntba-a,1
ingenieur,0
yivia,1
photomorphogenesis,0
ance,1
1823-1837,1
ule,1
awardees,0
recuirsments,1
engineering-economic,0
rneth,1
chul,0
coneerreteescecesreveave,1
clementson,0
seman,1
ploor,1
epartment,1
no-till,0
i971,1
kilayko,0
counterflow,0
craduate,1
's,1
tsobutane,1
eveeeeevr,1
vepartmental,1
emtgeesatetieweetileanos,1
phosphonate,0
nilpotent,0
delinquint,1
investigation.of..recovery..times.in..the,1
p.ni,1
krimsley,0
masangkay,0
jonns,0
dentitions,0
qe,1
byt,1
|-molizman,1
eecsessceceososeoceseoooeovc708,1
post-newionian,1
eeeeeseeeresnseeeeeereeeesetetreeaepeaeeeeeane,1
gse,1
a\f1.0,1
apaaav,1
pappas,0
1970the,1
cceas,1
chalrman,1
manmoud,1
2-65-3m,1
cee,1
zynch,1
senet,1
septasber,1
correa-zoli,0
lbishy,1
johe7a,1
paychology,1
ightman,1
1600-1728,0
naster,1
evecc,1
sxperiments,1
markovian,0
suegihe,1
teennology,1
gerken,0
fasadena,1
thienopyrazine,0
seph,1
j.c,0
polyketide,0
zhiqiang,0
4aiplson,1
reeueecens,1
evteen,1
eae,1
physaloptera,0
pae,1
ern,1
aromatization,0
trickle-bed,0
requ,1
jz,1
isopropenylcycloheptatrienes,0
—hpad,1
1868-1936,0
wartell,0
chaudhari,0
srl,1
gubmitted,1
léa,1
departnent,1
m.s.w,0
basu,0
dezrae,1
0b,1
osa,1
swarthmore,0
near-field,0
caudarella,0
sedki,0
phoeniceus,1
uprichard,0
ruthefford,1
ovp,1
suillus,0
cyclizations,0
aoe,1
ceénard,1
hhepartmental,1
esea,0
carnegzie-mellon,1
supervisgr,1
arie®,1
reve,1
muco-ciliary,0
counselors,0
henghold,0
geschke,0
syolution,1
wetmore,0
nner,1
14-7-98,1
lene,0
giaretta,0
chamistry,1
chia~shun,1
circumplex,0
bluestem,0
erseeeeoeeeeenesen,1
cunitz,0
californie,1
ayangbile,0
hartharan,1
hydromagnetic,0
™,1
"2.,1962",1
easa,1
jérgen,0
carborane,0
shostak,0
wigdor,0
lactone,1
nctavio,1
tenn,1
postsecondary,0
weinreich,0
intsrmittency,0
77°¢,1
bootor,1
eetrm,1
heao,1
organosilylamines,0
beato,1
3h-amino,0
babism,0
parametrized,0
philosopny,1
borukhov,0
vencill,0
brandeis,0
professer,0
thionnson,1
cocommutative,0
devartment,1
sctiene,1
eaoaneeoevseseeenseevanse,1
ifo,1
hsin-hsiung,0
laveen,1
zinc-blende,0
vil,1
calendering,0
it0,0
jassby,0
"1,2-diphenylcyclobutene",0
winfred,0
1970sxperiments,1
ingénieur,0
imal,1
hild,0
por-yuan,0
paptial,1
pareja,0
doctir,1
ctrn,1
tenney,1
resioential,1
elasto-plasticity,0
ereens,1
bubble-particle,0
bliznakov,0
neene,1
depdlngrt,1
alonzo,0
al—haik,1
b.d,0
gametophytes,0
mey,1
thalassia,0
rotch,0
aivin,1
mcbdaniels,1
n-substituted,0
worner,0
"2-methylene-3,4,5,6-dibenzo-3',4'",0
physical-organic,0
decoster,0
chenistry,1
ame,1
prgetade,1
oglioruso,0
acarina,1
thaf,1
wiswell,0
kadzie,1
ziway-shala,0
feavtia,1
organec,1
thermo-fluid,0
plasticizers,0
bearch,1
meee,1
doctor.of,1
cah,1
ballou,0
florette,0
beil,1
adelbert,0
doccor,1
cegree,1
spircbicyclohexane,1
kadarsan,0
biolog,1
b.c,0
ont,1
thala,1
sonora,0
convexly,0
£,1
orderins,1
vnereasesevnosvsanvneevogods,1
chaffee,0
squalene,0
biel,1
viet-nam,0
breidenbach,0
mazzola,0
ereeenne,1
b.a,0
iets,1
s.m.e,1
jre,1
switchgrass,0
1571-1896,0
oon00eeoeoncogngunvngd,1
b.s,0
el-shiekh,0
thermolysis,0
tevet,1
center-pivots,0
loftness,0
titanocene,0
weve,1
sehn,0
harly™,1
srimer,1
microwave-microwave,0
ceccccecsscuccccns,1
engitieering,1
o0,1
réequiremants,1
mcpeek,0
junie,1
metal-semiconductor,0
frcocedures,1
beene,1
large-sample,0
addink,0
neighborhoods,0
vsd,1
meral,1
ligrarnl,1
eneeoneeann,1
redwinged,0
sook,0
pavlot,0
lmethy,1
qépartmeht,1
ghd,1
anit,1
nickel-silicon,0
strick,0
n-nitrosoketimines,0
massachusettts,0
brintzinger,0
ectomycorrhizal,0
a.m.t.p.i,1
kotsovinos,0
pba,1
hsiao-yun,0
ferulic,0
pisker,0
chakravarti,0
radialton-induced,1
chism,0
lla,1
neering,1
daka,0
lastc,0
enksson,1
suchon,0
stereoselectivity,0
3h,1
phthalate,0
a.b.e,1
eneee,1
aclp,1
t.c,0
duquesne,0
py,1
hadjipavlou,0
agelaius,1
alpha-methylstyrene,0
uimmnouuooey,1
mashburt,1
subdject,1
lécy,1
prefesser,1
1970-71,0
elimina,1
ajtd,1
m.p.a,0
ener,1
wy,1
